<?xml version="1.0" encoding="UTF-8"?>
<root>
  <item name="com.facebook.stetho.inspector.database.DefaultDatabaseConnectionProvider android.database.sqlite.SQLiteDatabase performOpen(java.io.File, int) 1">
    <annotation name="androidx.annotation.IntDef">
      <val name="value" val="{com.facebook.stetho.inspector.database.SQLiteDatabaseCompat.ENABLE_WRITE_AHEAD_LOGGING, com.facebook.stetho.inspector.database.SQLiteDatabaseCompat.ENABLE_FOREIGN_KEY_CONSTRAINTS}" />
      <val name="flag" val="true" />
    </annotation>
  </item>
  <item name="com.facebook.stetho.inspector.database.DefaultDatabaseConnectionProvider int determineOpenOptions(java.io.File)">
    <annotation name="androidx.annotation.IntDef">
      <val name="value" val="{com.facebook.stetho.inspector.database.SQLiteDatabaseCompat.ENABLE_WRITE_AHEAD_LOGGING, com.facebook.stetho.inspector.database.SQLiteDatabaseCompat.ENABLE_FOREIGN_KEY_CONSTRAINTS}" />
      <val name="flag" val="true" />
    </annotation>
  </item>
  <item name="com.facebook.stetho.inspector.database.SQLiteDatabaseCompat int provideOpenFlags(int) 0">
    <annotation name="androidx.annotation.IntDef">
      <val name="value" val="{com.facebook.stetho.inspector.database.SQLiteDatabaseCompat.ENABLE_WRITE_AHEAD_LOGGING, com.facebook.stetho.inspector.database.SQLiteDatabaseCompat.ENABLE_FOREIGN_KEY_CONSTRAINTS}" />
      <val name="flag" val="true" />
    </annotation>
  </item>
  <item name="com.facebook.stetho.inspector.database.SQLiteDatabaseCompat void enableFeatures(int, android.database.sqlite.SQLiteDatabase) 0">
    <annotation name="androidx.annotation.IntDef">
      <val name="value" val="{com.facebook.stetho.inspector.database.SQLiteDatabaseCompat.ENABLE_WRITE_AHEAD_LOGGING, com.facebook.stetho.inspector.database.SQLiteDatabaseCompat.ENABLE_FOREIGN_KEY_CONSTRAINTS}" />
      <val name="flag" val="true" />
    </annotation>
  </item>
  <item name="com.facebook.stetho.inspector.database.SQLiteDatabaseCompat.HoneycombImpl int provideOpenFlags(int) 0">
    <annotation name="androidx.annotation.IntDef">
      <val name="value" val="{com.facebook.stetho.inspector.database.SQLiteDatabaseCompat.ENABLE_WRITE_AHEAD_LOGGING, com.facebook.stetho.inspector.database.SQLiteDatabaseCompat.ENABLE_FOREIGN_KEY_CONSTRAINTS}" />
      <val name="flag" val="true" />
    </annotation>
  </item>
  <item name="com.facebook.stetho.inspector.database.SQLiteDatabaseCompat.HoneycombImpl void enableFeatures(int, android.database.sqlite.SQLiteDatabase) 0">
    <annotation name="androidx.annotation.IntDef">
      <val name="value" val="{com.facebook.stetho.inspector.database.SQLiteDatabaseCompat.ENABLE_WRITE_AHEAD_LOGGING, com.facebook.stetho.inspector.database.SQLiteDatabaseCompat.ENABLE_FOREIGN_KEY_CONSTRAINTS}" />
      <val name="flag" val="true" />
    </annotation>
  </item>
  <item name="com.facebook.stetho.inspector.database.SQLiteDatabaseCompat.JellyBeanAndBeyondImpl int provideOpenFlags(int) 0">
    <annotation name="androidx.annotation.IntDef">
      <val name="value" val="{com.facebook.stetho.inspector.database.SQLiteDatabaseCompat.ENABLE_WRITE_AHEAD_LOGGING, com.facebook.stetho.inspector.database.SQLiteDatabaseCompat.ENABLE_FOREIGN_KEY_CONSTRAINTS}" />
      <val name="flag" val="true" />
    </annotation>
  </item>
  <item name="com.facebook.stetho.inspector.database.SQLiteDatabaseCompat.JellyBeanAndBeyondImpl void enableFeatures(int, android.database.sqlite.SQLiteDatabase) 0">
    <annotation name="androidx.annotation.IntDef">
      <val name="value" val="{com.facebook.stetho.inspector.database.SQLiteDatabaseCompat.ENABLE_WRITE_AHEAD_LOGGING, com.facebook.stetho.inspector.database.SQLiteDatabaseCompat.ENABLE_FOREIGN_KEY_CONSTRAINTS}" />
      <val name="flag" val="true" />
    </annotation>
  </item>
  <item name="com.facebook.stetho.inspector.database.SQLiteDatabaseCompat.NoopImpl int provideOpenFlags(int) 0">
    <annotation name="androidx.annotation.IntDef">
      <val name="value" val="{com.facebook.stetho.inspector.database.SQLiteDatabaseCompat.ENABLE_WRITE_AHEAD_LOGGING, com.facebook.stetho.inspector.database.SQLiteDatabaseCompat.ENABLE_FOREIGN_KEY_CONSTRAINTS}" />
      <val name="flag" val="true" />
    </annotation>
  </item>
  <item name="com.facebook.stetho.inspector.database.SQLiteDatabaseCompat.NoopImpl void enableFeatures(int, android.database.sqlite.SQLiteDatabase) 0">
    <annotation name="androidx.annotation.IntDef">
      <val name="value" val="{com.facebook.stetho.inspector.database.SQLiteDatabaseCompat.ENABLE_WRITE_AHEAD_LOGGING, com.facebook.stetho.inspector.database.SQLiteDatabaseCompat.ENABLE_FOREIGN_KEY_CONSTRAINTS}" />
      <val name="flag" val="true" />
    </annotation>
  </item>
</root>

